번호,제목,출처,URL,게시일,요약,본문
1,"""아이폰17 잘 팔린다""…애플 목표주가 상향 조정",Zdnet.co.kr,https://zdnet.co.kr/view/?no=20250926220231,2025-09-26T21:52:24Z,[요약 실패],"애플 목표주가 260→290달러로 올려 홈&모바일입력 :2025/09/27 06:52    수정: 2025/09/27 11:42 아이폰17 판매 호조로 투자회사 에버코어가 애플의 목표 주가를 상향 조정했다고 애플인사이더 등 외신이 26일(현지시간) 보도했다. 에버코어는 최근 보고서에서 애플의 목표 주가를 290달러로 상향했다. 지난 9일 회사는 아이폰17 시리즈, 특히 ‘아이폰 에어’가 교체 수요를 견인할 것으로 전망하며 목표 주가를 250달러에서 260달러로 올린 바 있다. 그러나 최신 보고서에서는 아이폰 에어에 대한 기대는 낮춘 대신, 다른 모델의 판매 호조를 반영해 목표 주가를 다시 290달러로 조정했다. 이번 조정은 에버코어가 미국 소비자 4천명을 대상으로 실시한 설문조사 결과를 근거로 한다. 조사에 따르면 아이폰 에어를 구매하겠다는 응답은 전체의 10%에도 미치지 못했다. 배터리 수명과 단일 카메라 탑재에 대한 회의적 인식이 원인으로 지목됐다. 반면 응답자의 56%는 아이폰17 프로 또는 아이폰17 프로 맥스를 구매할 계획이라고 답해, 프로 모델의 수요가 압도적으로 높게 나타났다. 에버코어는 이러한 흐름이 애플의 전략 변화와 맞닿아 있다고 분석했다. 애플은 지난해 아이폰16 시리즈 출시 당시 인공지능(AI) 기능인 ‘애플 인텔리전스’를 강조했으나, 올해는 AI 비중을 줄이고 하드웨어 기능에 무게를 두고 있다. 이번 설문은 미국 소비자만을 대상으로 했지만, 중국 소비자 동향을 반영한 보고서도 함께 검토한 결과, 전 세계적으로 아이폰 교체 주기가 강세를 보이고 있다고 에버코어는 덧붙였다.     Connect with us"
2,"""로봇은 협업 파트너…엣지 지능으로 여는 피지컬 AI 시대""",Zdnet.co.kr,https://zdnet.co.kr/view/?no=20250926232911,2025-09-26T21:32:49Z,[요약 실패],"[신나는 로봇세상] 음병찬 디스펙터 대표 ""매년 2배 성장 목표"" 디지털경제입력 :2025/09/27 06:32    수정: 2025/09/27 16:05 ""앞으로의 로봇은 더 이상 단말이 아니라 자율적인 협업 파트너로 봐야 합니다. 그러려면 엣지 지능이 필요합니다."" 음병찬 디스펙터 대표는 최근 인터뷰에서 피지컬 인공지능(AI)에 대한 이같은 포부를 밝혔다. 그는피지컬 AI를 ""AI가 인지와 판단에 머무는 것이 아니라, 행동까지 확장되는 기술""이라고정의했다. 이어 ""로봇이 백플립을 하고 발로 차도 균형을 잡는 장면은 멋지지만, 진짜 가치는 예측 불가능하고 복잡한 현실 속에서 꾸준히 작동할 때 나온다""며 ""디스펙터는 단발성 쇼케이스가 아니라 대량 운용 가능한 플랫폼을 만들고 있다""고 설명했다. 디스펙터가 지향하는 차별점은 '스케일'이다. ""최고의 쇼를 구현하는 F1 머신이 아니라, 다양한 차종이 혼재된 실제 도로에서도 안전하게 돌아가는 자동차 생태계처럼, 여러 로봇과 로봇 파운데이션 모델이 뒤섞인 현실에서도 표준적인 워크플로우를 실행하게 만드는 것이 우리의 목표""라는 게 그의 설명이다. 회사가 내세우는 전략은 '실행 가능한 피지컬 AI 플랫폼'이다. 그는 ""센서 융합, 엣지 컴퓨팅, 의사결정, 행동까지 전 과정을 최적화하고 있다""며 ""플러그앤플레이 방식으로 다양한 로봇에 곧바로 연결해 쓸 수 있는 엣지 지능을 구현 중""이라고 말했다. 음 대표는 ""지금까지의 로봇은 대부분 원격 관제에 의존하는 더미 터미널에 가까웠다""며 ""앞으로의 로봇은 자율적 협업 파트너로서 현장에서 사람과 함께 일하는 존재가 될 것""이라고 부연했다. 디스펙터의 초기 상용화 무대는 B2B 현장이다. 조영후 디스펙터 최고기술책임자(CTO)는""계단이나 단차가 많은 환경에서는 바퀴형 로봇의 한계가 뚜렷하다""며 ""다족 보행 로봇이 필요한 이유""라고설명했다. 따라서 디스펙터는 공장·플랜트 등에서 순찰, 점검, 감시, 현장 관리 같은 반복 업무를 우선 공략하며, 이후 작업자와 자연스럽게 협업하는 '코워커(Co-worker) 로봇' 모델로 확장할 계획이다. 디스펙터는 로봇 제조사와 긴밀히 협력한다. 레인보우로보틱스, 유니트리 유통사인 로아스와 협업 중이다. 과거에는 보스턴다이내믹스 '스팟'과 고스트로보틱스 제품도 다뤘다. 상업 고객 1호로 레인보우로보틱스, 한국지역난방공사 프로젝트를 시작했고, 화학융합시험연구원과도 과제를 진행 중이다. 회사는 외부의 AI 솔루션을 플랫폼에 얹어 빠르게 커스터마이즈할 수 있는 생태계 전략도 병행한다. 음 대표는 디스펙터가 지향하는 모델로 '유아이패스'를 꼽았다. 그는 ""소프트웨어 영역에서 RPA를 만든 회사처럼, 우리는 물리 세계의 RPA를 지향한다""면서 ""기업 내부 시스템과 연동해 현장의 로봇이 자율적으로 업무를 실행하게 하는 피지컬 RPA 플랫폼을 만들고 싶다""고 밝혔다. 그는 ""전통적인 로봇 관제 기업들은 의미 있는 성과를 내고 있지만, 우리의 지향점은 다르다""며 ""시장이 아직 작기 때문에 경쟁사라기보다는 생태계 동료로 본다""고 했다. 디스펙터는 올해를 기점으로 향후 3~5년간 매년 2배 성장을 목표로 뒀다. 하지만 음 대표는 ""매출 숫자 자체보다, 우리가 지향하는 고객과 유즈케이스를 제대로 만들고 있는지가 더 중요한 지표""라고 강조했다. 그러면서 ""정부 과제 등 돈 되는 일은 많지만, 비전에 맞는 플랫폼 역량을 잠식하지 않는 범위에서 균형 있게 접근할 것""이라고 덧붙였다. 음 대표는 한국이 피지컬 AI에서 글로벌 경쟁력을 가질 수 있다고 본다. ""제조·하드웨어 기반, 정책 지원이 강점""이라며 ""소프트웨어 게임은 미국이 강하고, 중국은 대외 확장 제약이 있다. 지금이 한국형 베스트 프랙티스를 보여줄 타이밍""이라고 말했다. 피지컬 AI의 난제는 데이터다. 조 CTO는 ""심투리얼(Sim2Real) 격차는 여전히 크다. 엔비디아 시뮬레이터가 진화하고 있지만, 현실 데이터 결합은 불가피하다""고 전했다. 음 대표는 ""강화학습식 브루트포스 데이터 수집에는 한계가 있다""며 ""예측 능력을 갖춘 대안적 아키텍처가 해법이 될 수 있다""고 전망했다. 디스펙터는 거대 모델의 진화를 활용하는 한편, 현장 환경에서 로봇이 점점 더 일을 잘하게 만드는 데이터 루프를 설계하는 데 집중한다. 그는 ""지금 로봇은 비싸고 위험한 특수 장비로 여겨진다. 하지만 자동차처럼 누구나 일상에서 당연히 쓰는 존재가 돼야한다""고강조했다. 이어 ""엣지 지능과 워크플로우 플랫폼이 그 기반이 될 것""이라며 ""로봇이 사람과 자연스럽게 대화하고 협업하며, 기업은 대규모 연구소 없이도 로봇을 개발·운영하는 시대를 열겠다""고 덧붙였다.     Connect with us"
3,[AI는 지금] '실무형 AI'가 혁신 관건…업무 효율·의사결정 돕는 '기업 밀착형 AI' 뜬다,Zdnet.co.kr,https://zdnet.co.kr/view/?no=20250926232428,2025-09-26T21:30:21Z,[요약 실패],"기술 도입 넘어 최적화·결정 지원·인재 육성까지…AI, 기업 경영 파트너로 '진화' 컴퓨팅입력 :2025/09/27 06:30    수정: 2025/09/27 13:23 인공지능(AI) 도입이 본격화되면서 범용 솔루션을 넘어 조직의 업무 방식과 산업 특성을 반영한 '기업 밀착형 AI'가 혁신의 중심으로 부상하고 있다. 각 기업의 고유한 상황에 맞춰 최적화된 AI만이 실질적인 성과를 낼 수 있다는 인식이 확산하는 것이다. 27일 업계에 따르면 기업 밀착형 AI는 내부 프로세스에 깊이 관여해 업무 효율을 높일 뿐 아니라 금융 관리와 인재 육성 등 경영 전반으로 빠르게 확산하고 있다. 이는 기업의 핵심 경쟁력을 좌우하는 동력으로 평가된다. 이러한 흐름 속에서 각기 다른 방식으로 밀착형 AI를 실현하며 주목받는 기업들이 속속 등장하고 있다. 이들은 조직 맞춤형 AI가 어떻게 현장에서 가치를 만들어내는지를 구체적인 사례로 입증한다. 제논, '제노스'로 기업 맞춤형 AI 시대 활짝…금융·공공 혁신 가속 제논은 금융, 공공, 제조 등 핵심 산업군을 중심으로 기업 맞춤형 AI 혁신을 가속하고 있다. 이 회사는 지난해 출시한 기업용 생성형 AI 플랫폼 '제노스(GenOS)'로 본격적인 AI 실무 전환 시대를 열었다. '제노스'는 데이터 학습부터 AI 서비스 개발과 배포까지 전 과정을 노코드 기반으로 지원하는 플랫폼이다. 플랫폼 안에서 문서, 요약, 번역 자료 조사 등 활용도 높은 AI 에이전트를 바로 쓸 수 있어 현장 적용이 신속하다. 개발자와 비개발 직군 모두 업무 목적에 맞춰 워크플로우를 자유롭게 구성할 수 있는 점도 특징이다. 제노스는 출시 이후 한국은행, 미래에셋증권, 신한카드, 한국중부발전 등 주요 기관에 도입됐다. 특히 한국중부발전 사내 설문에서는 직원 81%가 제노스 기반 AI 어시스턴트 '하이코미'를 실무에 쓴다고 답해 현장 실효성을 입증했다. 고석태 제논 대표는 ""기업의 AI 도입은 각 조직의 업무 맥락을 정확히 이해하고 산업별 특화된 생성형 AI의 가치를 구체적으로 실현하는 과정이어야 한다""며 ""기업의 실질적 변화와 성과를 만들어내는 산업 특화 AI를 통해 현장이 체감하는 혁신을 실현하고 있다""고 밝혔다. 웹케시, 경리 자동화 넘어 'AI CFO'로…자금관리 혁신 웹케시는 AI 기술을 앞세워 기업 자금관리의 자동화와 효율화를 선도하고 있다. 이 회사는 AI 기반 경리 자동화 플랫폼 'AI 경리나라'로 중소·중견기업의 회계 업무 디지털 전환을 이끌고 있다. 이 플랫폼은 지난 2017년부터 운영해온 '에스이알피(SERP) 경리나라'를 AI 기술로 고도화한 모델이다. AI 경리나라는 은행 계좌 입출금 내역을 기반으로 자금일보를 실시간 생성한다. 또 거래처 중복 결제 감지, 미수금 자동 정리 등 오류가 잦은 반복 업무를 AI가 대신 처리한다. 일일 자금 시재 보고서, 미수금 현황, 경영 보고서 등 수십 종의 문서도 자동으로 만들어 경영진의 신속한 의사결정을 지원한다. 이러한 실용성을 인정받아 지난해 4천600개가 넘는 기업이 AI 경리나라를 새로 도입했다. 최근 웹케시는 여기서 더 나아가 기업 자금관리 전반을 통합 지원하는 AI 기반 가상 최고재무책임자(CFO) 솔루션을 공개했다. 이는 단순 회계 자동화를 넘어 AI가 경영 판단의 파트너로 진화하는 흐름을 보여주는 대표 사례로 꼽힌다. 기업 AI 역량, 맞춤 교육이 답…데이원컴퍼니, 실무 인재 육성 데이원컴퍼니는 기업 맞춤형 교육으로 조직의 인공지능(AI) 리터러시 강화에 나서고 있다. 이 회사는 직장인 실무 교육 브랜드 '패스트캠퍼스'를 통해 기업별 맞춤 AI 교육 프로그램을 제공한다. 지난 12년간 쌓아온 성인 실무 교육 노하우가 경쟁력의 기반이다. 이 교육은 기업의 산업군과 직무 특성을 반영한 맞춤형 커리큘럼이 핵심이다. 기획자·마케터에게는 생성형 AI 기획서 작성을, 개발자·데이터 분석가에게는 응용 프로그램 인터페이스(API) 활용법을 가르치는 식이다. 강사진은 모두 현업 전문가로 구성해 최신 사례와 노하우를 전수한다. 또 챗GPT, 노션 AI 등 다양한 AI 도구를 실제 업무에 활용하는 실습 중심 교육으로 빠른 현장 적용을 돕는다. 업계 관계자는 ""현재 국내 50대 기업 중 70% 이상이 데이원컴퍼니의 AI 교육을 도입했다""며 ""실무 중심의 콘텐츠 기획력을 바탕으로 기업의 AI 인재 육성을 위한 핵심 파트너로 자리매김했다는 평가를 받고 있다""고 평가했다.     Connect with us"
4,"국가유산청 국립문화유산연구원-반크, 올바른 문화유산 정보 확산 협력",Zdnet.co.kr,https://zdnet.co.kr/view/?no=20250926103824,2025-09-26T14:21:26Z,[요약 실패],"인공지능(AI) 문화유산 홍보대사 양성사업 시작 생활/문화입력 :2025/09/26 23:21 국가유산청 국립문화유산연구원(원장 임종덕)은 사이버외교사절단 반크(단장 박기태)와 문화유산 보호·활용 및 연구 성과 홍보를 위한 업무협약을 체결했다고 26일 밝혔다. 이번 협약은 문화유산을 조사·연구·보존·복원하는 국가 기관인 연구원과 우리 역사를 해외에 홍보하고 역사 왜곡에 대한 국제적 대응 활동경험이 풍부한 사이버외교사절단 반크 간의 업무 협력을 통해 우리 문화유산에 대한 올바른 정보를 전 세계에 효과적으로 알리기 위해 마련됐다. 주요 협약 내용은 ▲ 국내외 반크 회원 대상의 연구원 및 문화유산 홍보 활동 추진, ▲ 문화유산 홍보물 제작 등 올바른 정보 제공, ▲ 반크 회원의 문화유산 관련 체험 프로그램 참여 기회 제공 등이다. 양 기관은 이번에 체결한 업무협약에 따라 먼저 생성형 인공지능(AI)이 제공하는 한국 문화유산 관련 콘텐츠 속 왜곡된 정보를 바로잡는 ‘인공지능(AI) 문화유산 홍보대사 양성사업’을 함께 추진하고, 나아가 반크가 운영하는 플랫폼을 통해 연구원의 주요 연구 성과를 국내외에 홍보한다. 사이버외교사절단 반크는 그간 한국의 청소년과 청년, 해외 동포들을 글로벌 한국 홍보대사로 양성해 외국 교과서와 해외 누리집 등에서 왜곡된 한국역사를 바로잡고, 역사·문화 정책을 제안하는 글로벌 청원 플랫폼 구축과 다양한 홍보 활동에 나서는 등 세계에 한국을 바로 알리는 활동을 꾸준히 진행하고 있다. 국가유산청 국립문화유산연구원은 “이번 협약이 성공적으로 추진될 수 있도록 적극 협력할 예정이며, 연구원의 문화유산 보호·활용 및 연구 성과에 대한 홍보를 지속적으로 확대해 나가는 적극행정을 추진할 것“이라고 전했다.     Connect with us"
5,"SK쉴더스, 보안관제 플랫폼 MXDR로 고도화한다",Zdnet.co.kr,https://zdnet.co.kr/view/?no=20250926183036,2025-09-26T09:30:36Z,[요약 실패],"'시큐디움' 2026년까지 200억원 투자…AI 기반 MXDR 서비스로 업계 표준 제시 목표 컴퓨팅입력 :2025/09/26 18:30 SK쉴더스(대표 민기식)가 보안관제 플랫폼 ‘시큐디움(Secudium)’을 인공지능(AI) 기반 MXDR(관리형 확장 탐지·대응) 체계로 고도화하기 위해 2026년까지 총 200억원을 투입한다고 25일 밝혔다. 최근 해킹은 단순 침입을 넘어, 정상 사용자로 위장해 내부망을 이동하거나 보안 장비 탐지를 교묘히 회피하는 등 정교한 기법으로 진화하고 있다. 이 과정에서 계정 탈취, 정보 유출, 랜섬웨어 배포로까지 이어져 기업의 핵심 자산과 신뢰를 위협하고 있는 형국이다. 이런 위협에 대응하기 위해 기업들은 보안관제(MSS)를 도입한다. 보안관제는 기업의 네트워크, 서버, PC 등에서 발생하는 로그와 이벤트를 24시간 실시간으로 모니터링하고 분석해, 침입 시도를 빠르게 탐지하고 차단하는 서비스를 말한다. 다만 전통적인 보안관제는 실시간 탐지와 공격 이후 대응에 초점이 맞춰져 있기 때문에 최근 진화하는 공격에는 비교적 취약하다는 평가가 나온다. 이에 따라 보다 선제적이고 예측적인 대응 체계가 필요진 만큼 MXDR이 부상하고 있는 것이다. SK쉴더스는 ""이번 고도화를 통해 추진하는 MXDR은 기존 보안관제보다 한층 진화한 서비스""라며 ""네트워크와 서버에 국한됐던 관제 범위를 엔드포인트까지 확대하고, AI 기반 분석으로 정상 업무 패턴과 비교하면서 비정상 행위를 조기에 식별한다. 즉, MXDR은 단일 이벤트만 살펴보는 것이 아니라 여러 보안 지점에서 수집된 정보를 통합 분석해, 공격 징후를 종합적으로 파악하고 선제적으로 대응할 수 있는 것이 특징""이라고 설명했다. 앞서 올해 상반기 완료된 1단계 고도화에는 80억원이 투입됐다. SK쉴더스는 핵심 보안 로그 처리 엔진을 교체해 초당 수백만 건의 데이터를 더 빠르고 정확하게 분석할 수 있는 기반을 마련해, 불필요한 경보(오탐지)는 줄이면서 실제 위협은 놓치지 않도록 했다. 이와 동시에 위협에 자동으로 대응하는 체계(SOAR)도 강화해 탐지 즉시 공격자 IP 차단, 악성코드 감염 시스템 격리, 관리자 알림 등 대응 프로세스가 자동 실행되도록 했다. 또한 SK쉴더스는 해킹 징후를 판별하는 '룰셋(rule set)'도 글로벌 수준으로 재정비했다. 예컨대 짧은 시간 안에 로그인 실패가 반복되거나, 평소와 다른 해외 지역에서 관리자 계정이 접속할 경우 자동으로 경보가 울리도록 설정하는 식이다. SK쉴더스는 공격 전술 및 기법 프레임워크(MITRE ATT&CK), 공개 취약점 목록(CVE), 취약점 위험도 지표(CVSS), 신규 취약점 공유 사이트(Exploit DB) 등 다양한 위협 정보를 반영해 최신 공격까지 탐지할 수 있도록 정밀도를 높였다. 내년까지 진행되는 2단계 고도화에는 120억원이 추가 투입된다. SK쉴더스는 네트워크와 PC나 서버 같은 엔드포인트 등에서 발생하는 데이터를 AI 기반으로 통합 분석하고 내부망을 은밀히 이동하는 공격자까지 조기에 포착할 수 있는 체계로 고도화할 계획이다. 1단계가 보안관제의 토대를 강화한 작업이었다면, 2단계는 이를 발전시켜 위협을 사전에 예측하고 차단하는 관제로 확장하는 과정이다. 서비스 제공 방식도 고객 중심으로 개선한다. 보안관제를 서비스형 소프트웨어(SaaS) 방식으로 전환해, 고객이 별도 장비 구축 없이도 필요한 시점에 서비스를 이용할 수 있도록 할 계획이다. 이로써 국내 중소기업뿐 아니라 해외 기업에도 동일한 서비스를 손쉽게 제공할 수 있게 돼, 수출 경쟁력도 한층 강화될 것으로 기대된다. 여기에 공격이 실제 어떤 영향을 줄 수 있는지 사전에 확인하는 ‘위협 영향도 평가’, 잠재적 공격을 사전에 찾아내는 ‘위협 헌팅(Threat Hunting)’ 기능도 추가한다. 김병무 SK쉴더스 사이버보안부문장(부사장)은 ""진화하는 해킹 위협에 대응하기 위해 업계 최대 수준의 투자를 단행해 차세대 MXDR 관제 서비스를 단계적으로 고도화하고 있다""며 ""이번 투자를 통해 보안관제의 미래 표준을 제시하고, 글로벌 시장에서도 신뢰받는 선도 기업으로 자리매김하겠다""고 밝혔다.     Connect with us"
6,"[영상] 고양이가 밀가루 반죽 '조물딱'…메타가 꺼낸 AI 新 무기, 韓서는 경험 못 한다",Zdnet.co.kr,https://zdnet.co.kr/view/?no=20250926165918,2025-09-26T08:43:06Z,[요약 실패],"'메타 AI' 통해 AI 생성 영상 피드 '바이브스' 론칭…마크 저커버그 자신감 속 시장에선 '냉담' 컴퓨팅입력 :2025/09/26 17:43 최근 인공지능(AI) 시장 주도권을 잡기 위해 안간힘을 벌이고 있는 메타가 새로운 무기를 꺼냈지만 국내에서는 경험해 볼 수 없다. '메타 AI'가 한국에서 지원되지 않아서다. 26일 테크크런치에 따르면 마크 저커버그 메타 최고경영자(CEO)는 지난 25일 자신의 인스타그램을 통해 AI 생성 영상 피드 '바이브스(Vibes)' 론칭 소식을 전하며 직접 AI 생성 영상을 공개했다. 이 영상에선 복슬복슬한 생명체들이 큐브 사이를 뛰어다니거나 고양이가 반죽을 치대는 모습, 고대 이집트가 내려다보이는 발코니에서 셀카를 찍는 고대 여성의 모습 등이 담겼다. '메타 AI' 앱에서 경험할 수 있는 이 피드는 '틱톡', 인스타그램 '릴스' 등과 비슷하지만 모든 콘텐츠가 AI로 만들어졌다는 점에서 차별화됐다. 이용자들은 '바이브스'를 통해 직접 영상을 생성하거나 기존 영상을 섞어 배경·음악·스타일을 바꿀 수 있다. 또 이를 피드에 공유하거나 인스타그램과 페이스북 스토리로 교차 게시할 수 있다. 메타 측은 ""사용자가 피드를 탐색하면서 제작자와 다른 사용자들이 만든 AI 생성 영상을 볼 수 있다""며 ""시간이 지날수록 우리의 알고리즘이 개인화된 콘텐츠를 추천한다""고 설명했다. 알렉산더 왕 메타 최고 AI 책임자는 ""초기 버전의 '바이브스' 개발을 위해 미드저니, 블랙 포레스트 랩스 등 AI 이미지 생성 기업과 협력하고 있다""며 ""자체 AI 모델 개발도 병행하고 있다""고 밝혔다. 현재 국내에선 '메타 AI' 앱과 웹사이트가 지원되지 않아 '바이브스'를 직접 경험해 볼 수 없다. '메타 AI' 앱은 사용자가 메타의 AI 기능을 활용할 수 있도록 만든 독립형 앱으로, 지난 2024년부터 미국, 캐나다, 영국 등 일부 국가에서만 선보여지고 있다. 또 '메타 AI' 앱은 '레이밴 메타' 스마트 글래스와도 연동돼 새로운 경험을 할 수 있도록 도와준다. 다만 저커버그 CEO가 이번에 야심차게 선보인 '바이브스'에 대한 시장의 반응은 냉랭하다. AI 콘텐츠가 이미 소셜미디어(SNS)에 넘쳐나는 상황에서 'AI 버전 틱톡'을 만들겠다는 메타의 행보가 의문이라는 지적이다. 저커버그 CEO의 인스타그램 게시물에도 ""아무도 원하지 않는다"", ""스스로 AI 쓰레기를 올리고 있다"", ""도대체 왜?""라는 부정적 반응이 쏟아지고 있다. 테크크런치는 ""유튜브 등 주요 플랫폼은 AI로 생성된 저품질 콘텐츠 확산을 막기 위한 조치를 강화하고 있는 상황""이라며 ""메타 역시 올해 초 '비(非)독창적'인 페이스북 콘텐츠를 줄이겠다며 제작자들에게 '진정성 있는 스토리텔링'을 주문한 바 있어 이번 행보는 더욱 모순적으로 비친다""고 꼬집었다.     Connect with us"
7,"코람코, 신규 대형 '가산 데이터센터' 가동…10조 투자 청사진 제시",Zdnet.co.kr,https://zdnet.co.kr/view/?no=20250926172539,2025-09-26T08:41:21Z,[요약 실패],"부지 매입·운영 전 과정 직접 수행…AI·클라우드 수요 선점 목표 컴퓨팅입력 :2025/09/26 17:41 코람코자산운용(코람코)이 새로운 대형 데이터센터 '케이스퀘어데이터센터 가산(가산 IDC)'을 가동하며 국내 대표 디지털 인프라 투자 플랫폼으로 도약하겠다는 청사진을 밝혔다.부지 매입부터 개발·운영까지 전 과정을 독자적으로 수행한 첫 프로젝트인 만큼, 이번 성과를 발판 삼아 2032년까지 10조원 규모 데이터센터 투자와 전문 리츠 상장 등 장기 전략을 본격화할 계획이다. 코람코는 가산 IDC의 가동식을 열고 본격적인 운영에 돌입했다고 26일 밝혔다. 이번 프로젝트는 코람코가 2021년 직접 부지를 매입해 개발을 주도한 첫 데이터센터 사업으로 착수 4년여 만의 성과다. 이날 가동식에는 박형석 코람코자산운용 대표를 비롯해 현대건설·LG유플러스·키움증권 관계자 등 100여 명이 참석했다. 가산 IDC는 약 1만2천467평 규모로 지하 3층에서 지상 11층까지 총 14개 층으로 건립됐다. 건물 높이는 84.7m이며 철골철근콘크리트 구조로 시공됐다. 시설 내에는 총 2천446개의 서버랙을 수용할 수 있으며 IT 로드는 26메가와트(MW)에 달한다. 특히 층별 서버랙 수를 차등 배치하고 전력수요를 효율적으로 분산해 고밀도 환경에서의 안정적 운영을 지원한다. 시공은 현대건설이 맡아 고효율 냉방, 실시간 에너지 모니터링, 자연 냉각 프리쿨링 기술 등 최신 에너지·안전 기술을 반영했다. 데이터센터 운영은 LG유플러스가 담당해 시설의 물리적 안정성과 운영 고도화를 맡는다. 한국전력으로부터 총 40MW의 수전 용량을 확보했으며 시설 인근 대림변전소와 대방변전소에서 각각 전력을 공급받을 수 있는 이중화 체계를 갖췄다. 냉각방식도 직접 수냉 방식을 적용해 에너지 효율을 글로벌 최고 수준으로 유지할 수 있도록 설계됐다. 최근 서울은 전력 수급과 지역 규제로 인해 신규 데이터센터 공급이 극도로 제한된 상황이다. 이에 대해 코람코 측은 ""가산 IDC는 서울 도심에서 보기 드문 신규 대형 데이터 인프라 자산으로, 인공지능(AI)·클라우드·빅데이터 수요가 폭발적으로 증가하는 시장에 즉각 대응할 수 있는 핵심 인프라로 자리매김할 것""이라고 밝혔다. 이어 ""특히 강남·판교 IT밸리와의 뛰어난 접근성을 기반으로 글로벌 클라우드 서비스 제공자와 국내 대형 IT 기업들의 수요를 선점할 수 있을 것으로 기대된다""고 덧붙였다. 코람코는 경쟁 운용사들이 완공된 데이터센터를 매입해 운용하는 방식과 달리 부지 발굴부터 자금 조달, 설계·인허가, 시공, 자산관리, 시설 운영까지 직접 수행하는 전 과정을 내재화했다고 강조했다. 코람코는 데이터센터 전담 조직인 '데이터센터본부'를 조직해 전문 인력을 한데 모으고 1조원 규모의 데이터센터 전용 블라인드펀드도 출시한다. 향후 국내 최초 데이터센터 리츠 상장을 추진하며 투자자들에게 안정적인 투자 기회를 제공할 계획이다. 현재 코람코는 가산 IDC 외에도 수도권과 부산을 아우르는 대규모 데이터센터 개발을 동시에 추진하고 있다. 경기 안산 성곡 일원에서는 약 40MW급 대형 IDC를 글로벌 대체투자운용사 브룩필드의 자회사 DCI와 협력해 개발 중이다. 의정부 용현 산업단지에서는 연면적 약 2만5천 제곱미터(㎡) 규모의 티어 3급 대형 데이터센터를 조성하고 있다. 또 부산 사하구 장림동에서도 연면적 약 4만6천900㎡, 수전 용량 40MW 규모의 초거대급 데이터센터를 착공할 예정이다. 국내 최대 통신망 허브 도시인 부산의 입지적 장점을 활용해 글로벌 클라우드 서비스 기업 수요를 선점한다는 전략이다. 특히 데이터센터본부를 주축으로 2028년까지 약 5조원의 펀딩과 2032년까지 총 10조원 규모의 데이터센터 투자를 실현할 계획이다. 이를 통해 약 1.4기가와트(GW) 규모의 수전 용량과 1GW IT 로드를 단독 운용하는 국내 유일의 자산운용사로 자리매김한다는 목표다. 장기적으로는 데이터센터 전문 리츠 상장을 통해 투자자들에게 안정적이고 지속 가능한 수익 기회를 제공한다는 구상이다. 박형석 코람코 대표는 ""가산 IDC의 본격 가동은 우리가 데이터센터 개발과 운영 전 과정에 걸쳐 독자적인 전문성을 확보했음을 입증한 성과""라며 ""서울 내 희소한 신규 데이터센터 공급을 통해 국내외 투자자들에게 안정성과 차별성을 동시에 제공하고 대한민국 대표 디지털 인프라 투자 플랫폼으로 도약하겠다""고 말했다.     Connect with us"
8,"""AI 거래 시대 연다""…클라우드플레어, 스테이블코인 '넷 달러' 발표",Zdnet.co.kr,https://zdnet.co.kr/view/?no=20250926170922,2025-09-26T08:09:22Z,[요약 실패],"마이크로 결제·종량제 모델 구현…인터넷 금융 인프라 최신화 컴퓨팅입력 :2025/09/26 17:09 클라우드플레어가 온라인 결제 방식에 활용할 새로운 디지털 화폐를 공개했다. 클라우드플레어는 미국 달러 기반 스테이블코인 '넷 달러(NET Dollar)'를 도입했다고 26일 밝혔다. 인공지능(AI)이 주도하는 웹 환경에서 즉각적이고 안전한 거래를 지원할 방침이다. 넷 달러는 웹 환경에서자동화된 거래를 가능하게 해 창작자와 개발자의 수익 창출을 돕는다.특히AI 에이전트가 항공권 예약이나 음식 주문 등 일상 업무를 대신 처리하는 흐름이 확산하면서 이를 뒷받침할 핵심 금융 시스템으로 자리잡을 방침이다. 기존 인터넷 비즈니스 모델이 광고와 은행 송금에 의존해 온 것과 달리 넷 달러는 종량제, 분할 결제, 마이크로 트랜잭션 등 새로운 수익 방식을 지원한다. 이를 통해 AI와 크리에이터, 개발자가 참여하는 개방형 디지털 경제를 구축하겠다는 전략이다. 클라우드플레어는 빠르고 안전하며 글로벌 규모에서 접근 가능한 인터넷 네이티브 결제 시스템을 제공해 AI 기반 웹의 상호 운용성과 신뢰성을 강화하려 하고 있다. 스테이블코인은 AI 에이전트가 실시간으로 거래하고 창의적 콘텐츠를 공정하게 보상하는 도구가 될 수 있다. 또 에이전트 결제 프로토콜과 x402 같은 개방형 표준에도 참여해 AI 에이전트 간 송금과 결제 과정을 단순화하고 있다. 이는 웹 전반의 결제 인프라를 개방형으로 재설계하려는 시도다. 매튜 프린스 클라우드플레어 공동 설립자 겸 최고경영자(CEO)는 ""우리는 전역 네트워크를 사용해 인터넷의 속도로 돈을 이동시키는 데 필요한 금융 철도를 최신화하려 한다""며 ""이를 통해 모두에게 더 개방적이고 가치 있는 인터넷을 만드는 데 도움을 주고자 한다""고 말했다.     Connect with us"
9,"""생각하는 로봇 만든다""…구글 딥마인드, 에이전틱 AI 모델 공개",Zdnet.co.kr,https://zdnet.co.kr/view/?no=20250926154529,2025-09-26T07:59:11Z,[요약 실패],"'제미나이 로보틱스 1.5' '제미나이 로보틱스-ER 1.5' 출시 컴퓨팅입력 :2025/09/26 16:59 구글 딥마인드가 스스로 생각하고 계획, 행동하는 로봇 개발을 겨냥한 에이전틱 인공지능(AI) 모델을 내놨다. 구글 딥마인드은 26일 '제미나이 로보틱스 1.5'와 '제미나이 로보틱스-ER 1.5'를 공개했다고 홈페이지를 통해 밝혔다. 제미나이 로보틱스 1.5는 비전-언어-행동(VLA) 모델이다. 시각 정보와 지시를 모터 명령으로 바꿔 실행하고, 행동 전 내부 사고 과정을 생성해 다단계 과제를 짧은 단계로 나눠 처리한다. 서로 다른 체화 형태에서도 학습을 공유해 기술 습득 속도를 높인다. 제미나이 로보틱스-ER 1.5는 물리 환경을 추론하고 계획을 세우는 고수준 두뇌 역할을 맡는다. 자연어로 상호작용하고 성공 가능성과 진행 상황을 추정할 수 있다. 구글 검색 같은 도구나 사용자 정의 함수를 네이티브로 호출할 수도 있다. 최근 공간 이해 벤치마크 전반에서 최신 최고 수준 성능을 기록하기도 했다. 두 모델은 에이전틱 프레임워크로 동시에 작동한다. 로보틱스-ER 1.5가 임무를 계획하고 단계 지시를 생성하면, 로보틱스 1.5가 시각과 언어 이해로 구체 동작을 수행하는 식이다. 구글 딥마인드는 로봇이 실제 환경을 얼마나 이해할 수 있는지 검증하기 위한 과정도 거쳤다. 내부적으로 로보틱스-ER 1.5 대상으로 '이알큐에이(ERQA)'와 '포인트 벤치(Point-Bench)'를 포함한 15개 학술 벤치마크를 활용해 실험을 진행했다. 여기서 로봇의 포인팅 능력과 이미지·영상 기반 질의응답 성능을 측정했으며, 최신 최고 수준의 결과를 달성한 것으로 확인됐다. 로보틱스 1.5는 서로 다른 로봇 사이에서 학습한 동작을 그대로 옮길 수 있는 능력을 갖췄다. 예를 들어 '알로하 2' 로봇에서 익힌 동작을 앱트로닉의 휴머노이드 로봇 '아폴로'나 양팔을 가진 '프랑카' 로봇에 적용시킬 수 있다. 로봇마다 별도로 학습시키지 않아도 같은 동작을 적용할 수 있다는 점이 핵심이다. 구글 딥마인드는 로봇 안전성과 책임성을 한층 강화했다고 밝혔다. 현재 이 모델을 탑재한 로봇은 행동하기 전에 먼저 상황을 의미적으로 분석해 안전을 고려할 수 있다. 또 필요할 경우 충돌을 피하는 등 저수준 안전 시스템을 자동으로 작동시켜 위험을 줄인다. 또 로봇 안전성을 위해 '아시모프(ASIMOV)' 벤치마크도 업그레이드했다. 새 버전은 더 다양한 위험 상황을 다루고 주석 품질을 높였다. 새 유형의 안전 질문과 비디오 기반 평가 방식도 추가됐다. 로보틱스-ER 1.5는 이 벤치마크에서 최신 최고 수준의 성능을 보였고, 내부적으로 사고하며 안전을 이해하고 물리적 제약을 지키는 능력을 입증했다. 구글 딥마인드는 ""우리는 더 넓은 연구 커뮤니티와 개발 작업을 이어갈 것""이라며""로봇 공학 커뮤니티가 최신 모델로 무엇을 만들지 기대된다""고 밝혔다.     Connect with us"
10,"한국문화정보원, AI페스타2025 전시부스 운영",Zdnet.co.kr,https://zdnet.co.kr/view/?no=20250926164753,2025-09-26T07:59:02Z,[요약 실패],"9월 30일부터 10월 2일까지 서울 코엑스 1층 A홀 생활/문화입력 :2025/09/26 16:59 한국문화정보원(원장 정운현, 이하 문정원)은 국내 최대 인공지능 전시회(AI Festa 2025)에 처음으로 참가해 전시부스를 운영한다고 26일 밝혔다. ‘AI Festa 2025’는 매년 400여 개 기업과 약 3만 명 이상의 참관객이참여하는 국내 최대 규모의 인공지능 페스티벌이다. 올해는오는 30일부터 다음 달 2일까지 서울 삼성동 코엑스 1층 A홀에서 개최된다. 문정원은 이번 행사에서 ‘인공지능(AI)과 문화의 만남’을 주제로 전통문화와 공공데이터를 인공지능(AI)·디지털 기술과 접목한 체험형 전시를 운영할 예정이다. 이번 전시에서는 인공지능(AI) 기반의 문화정보 큐레이팅봇과 박물관 챗봇 서비스, 360° VR 전통문화 체험, 공공저작물 활용 사례, 문화포털 영상 콘텐츠 등 다양한 디지털 문화 혁신 사례를 소개한다. 이를 통해 공공문화정보의 활용 가치를 널리 알리고 디지털 기술과 문화의 융합 가능성을 국민과 공유할 계획이다. 문정원 전시부스는 ‘AI GovZone’ 내 D-16번 부스에 위치해 있으며, 방문객 누구나 자유롭게 체험할수 있다. 정운현 한국문화정보원 원장은 “AI Festa 2025 참가를 통해 한국문화정보원의 디지털 혁신 역량과 미래 비전을 널리 알리고, 국민이 체감할 수있는 인공지능(AI) 기반 문화 서비스를 선보이겠다”고 밝혔다.     Connect with us"
